{
  "baseline": 20.577952178726964,
  "back_dist": 20.577952178726964,
  "mean_depth": 3056.381103515625,
  "fov": 6.000000000000001,
  "fx": 43962.93892852579,
  "fy": 43962.93892852579,
  "diag_size": 589.862707385116,
  "to_centroid_dist": 3086.6928268090446
}